"Id","Nombre por defecto","Descripción por defecto","Precio (€)","Alérgenos","Nombre Español (🇪🇸)","Descripción Español (🇪🇸)","Nombre English (🇬🇧)","Descripción English (🇬🇧)","Nombre Française (🇫🇷)","Descripción Française (🇫🇷)","Nombre Deutsch (🇩🇪)","Descripción Deutsch (🇩🇪)","Nombre Italiano (🇮🇹)","Descripción Italiano (🇮🇹)","Nombre Português (🇵🇹)","Descripción Português (🇵🇹)","Nombre Netherlands (🇳🇱)","Descripción Netherlands (🇳🇱)","Nombre Catalán (🇪)","Descripción Catalán (🇪)","Nombre Chino (🇨)","Descripción Chino (🇨)"
"78ed3aee-f6d6-4f09-b313-a1a86d7aacfc","Hedwig","Jamon cocido y queso","4.9","Leche, Gluten","Hedwig","Jamon cocido y queso","Hedwig","Cooked ham and cheese","Hedwig","jambon cuit et fromage","Hedwig","Gekochter Schinken und Käse","Hedwig","prosciutto cotto e formaggio","Hedwig","fiambre cozido e queijo","Hedwig","gekookte ham en kaas","Hedwig","Pernil cuit i formatge","Hedwig","熟火腿和奶酪"
"152e26de-cc68-46fb-bfa6-9807a996de7a","Riddle","Variedad de quesos","15.9","Leche","Riddle","Variedad de quesos, con pan","Riddle","Variety of cheeses","Riddle","assortiment de fromages","Riddle","Verschiedene Käsesorten","Riddle","assortimento di formaggi","Riddle","variedade de queijos","Riddle","assortiment kazen","Riddle","Varietat de formatges","Riddle","多种奶酪"
"8aba1b33-49c6-4fe3-9f8d-0498cdb16ff0","Gryffindor","Trozos de pollo cocido, zanahoria, pepino, cebolla frita, salsa teriyaki","11.9","Gluten, Soja","Gryffindor","Trozos de pollo cocido, zanahoria, pepino, cebolla frita, salsa teriyaki","Gryffindor","Pieces of cooked chicken, carrot, cucumber, fried onion, teriyaki sauce","Gryffindor","morceaux de poulet cuit, carotte, concombre, oignon frit, sauce teriyaki","Gryffindor","Gekochte Hähnchenstücke, Karotten, Gurken, Röstzwiebeln, Teriyaki-Sauce","Gryffindor","pezzi di pollo cotto, carota, cetriolo, cipolla fritta, salsa teriyaki","Gryffindor","pedaços de frango cozido, cenoura, pepino, cebola frita, molho teriyaki","Gryffindor","stukjes gekookte kip, wortel, komkommer, gebakken ui, teriyakisaus","Gryffindor","Trossos de pollastre cuit, pastanaga, cogombre, ceba fregida, salsa teriyaki","Gryffindor","熟鸡肉块, 胡萝卜, 黄瓜, 炸洋葱, 照烧酱"
"bad82e11-9aac-4d33-97d2-8578bcc85eef","Scrambled","Huevos revueltos","5.9","Huevo","Scrambled","Huevos revueltos","Scrambled","scrambled eggs","Scrambled","œufs brouillés","Scrambled","Rührei","Scrambled","uova strapazzate","Scrambled","ovos mexidos","Scrambled","roerei","Scrambled","ous remenats","Scrambled","炒蛋"
"aa6385bb-d1d3-48bf-9ace-f25e551738c6","Fit","yogur, crema de cacahuate, fruta","5.5","Leche, cacahuetes","Fit","yogur, crema de cacahuate, fruta","Fit","Oatmeal, yogurt, peanut butter, fruit","Fit","yaourt, beurre de cacahuète, fruit","Fit","Haferflocken, Joghurt, Erdnussbutter, Obst","Fit","yogurt, burro di arachidi, frutta","Fit","iogurte, manteiga de amendoim, fruta","Fit","yoghurt, pindakaas, fruit","Fit","Civada, iogurt, crema de cacahuate, fruita","Fit","酸奶, 花生酱, 水果"
"653eefb3-0a4c-4470-8457-f01f2597a3dc","Thestral","Lechuga, tomate, cebolla, aguacate","5.9","Gluten","Thestral","Lechuga, tomate, cebolla, aguacate","Thestral","Lettuce, tomato, onion, avocado","Thestral","laitue, tomate, oignon, avocat","Thestral","Salat, Tomate, Zwiebel, Avocado","Thestral","lattuga, pomodoro, cipolla, avocado","Thestral","alface, tomate, cebola, abacate","Thestral","sla, tomaat, ui, avocado","Thestral","Enciam, tomàquet, ceba, alvocat","Thestral","生菜, 番茄, 洋葱, 牛油果"
"732e1e23-9a01-4e9a-9e84-709cd0886b0b","Incendio","Totopos, queso, jalapeños, pollo guacamole.","14.9","Leche","Incendio","Totopos, queso, jalapeños, pollo guacamole.","Incendio","Tortilla chips, cheese, jalapenos, chicken guacamole.","Incendio","chips de tortilla, fromage, jalapeños, pollo guacamole.","Incendio","Tortillachips, Käse, Jalapenos, Hühnchen-Guacamole.","Incendio","chips di tortilla, formaggio, jalapeños, pollo guacamole.","Incendio","chips de tortilha, queijo, jalapeños, pollo guacamole.","Incendio","tortillachips, kaas, jalapeño's, pollo guacamole.","Incendio","Totopos, formatge, jalapenys, pollastre guacamole.","Incendio","玉米片, 奶酪, 墨西哥辣椒, pollo 牛油果酱."
"4b999279-2314-4898-a31e-3ee190005bd6","Café Bombón","Cafe, Leche condensada","2.4","Leche","Café Bombón","Cafe, leche condensada","Bombón coffee","coffee, condensed milk","Café bombón","café, lait concentré","Bombón-Kaffee","Kaffee, Kondensmilch","Caffè bombón","caffè, latte condensato","Café bombón","café, leite condensado","Bombón-koffie","koffie, gecondenseerde melk","Cafè bombó","cafè, llet condensada","炼乳咖啡","咖啡, 炼乳"
"a26d5475-3dea-4b41-82ab-d6338d821c3a","Americano","Cafe, Agua caliente","2.4","Ninguno","Americano","Cafe, Agua caliente","Americano","coffee, hot water","Americano","café, eau chaude","Americano","Kaffee, heißes Wasser","Americano","caffè, acqua calda","Americano","café, água quente","Americano","koffie, heet water","Americano","cafè, aigua calenta","Americano","咖啡, 热水"
"1bb2eea6-6f40-44cd-a4f6-c6ffa47097d7","Ravenclaw","Trozos de salmón o pollo, cebolla encurtida, pepino, zanahoria, maíz, salsa hoishin","11.9","Gluten, Pescado, Soja","Ravenclaw","Trozos de salmón o pollo, cebolla encurtida, pepino, zanahoria, maíz, salsa hoishin","Ravenclaw","Pieces of salmon or chicken, pickled onion, cucumber, carrot, corn, their sauce","Ravenclaw","Trozos de saumon ou pollo, oignon mariné, concombre, carotte, maïs, sauce hoisin","Ravenclaw","Lachs- oder Hühnchenstücke, eingelegte Zwiebeln, Gurken, Karotten, Mais und ihre Soße","Ravenclaw","Trozos de salmone o pollo, cipolla sottaceto, cetriolo, carota, mais, salsa hoisin","Ravenclaw","Trozos de salmão ou pollo, cebola em conserva, pepino, cenoura, milho, molho hoisin","Ravenclaw","Trozos de zalm of pollo, ingelegde ui, komkommer, wortel, maïs, hoisinsaus","Ravenclaw","Trossos de salmó o pollastre, ceba adobada, cogombre, pastanaga, blat de moro, salsa d'aquests","Ravenclaw","Trozos de 三文鱼或pollo, 腌洋葱, 黄瓜, 胡萝卜, 玉米, 海鲜酱"
"d1e37805-6bc0-4613-9f33-2e4f0b2694f2","Bola helado vainilla","Helado","2.5","Leche","Bola helado vainilla","Helado","Vanilla ice cream scoop","ice cream","Boule de glace à la vanille","glace","Kugel Vanilleeis","Eis","Pallina di gelato alla vaniglia","gelato","Bola de gelado de baunilha","gelado","Bolletje vanille-ijs","ijs","Bola de gelat de vainilla","gelat","香草冰淇淋球","冰淇淋"
"515e4115-5263-486a-8e72-242f69899571","Hogwards","tostada don sobrasada asada, queso brie y miel.","5.9","Gluten, Leche","Hogwards","tostada don sobrasada asada, queso brie y miel.","Hogwards","roasted don sobrasada toast, brie cheese and honey.","Hogwards","tartine don sobrasada grillée, fromage Brie et miel.","Hogwards","gerösteter Don-Sobrasada-Toast, Briekäse und Honig.","Hogwards","toast don sobrasada grigliata, formaggio Brie e miele.","Hogwards","torrada don sobrasada grelhada, queijo Brie e mel.","Hogwards","toast don gegrilde sobrasada, Brie en honing.","Hogwards","torrada do sobrassada rostida, formatge brie i mel.","Hogwards","吐司 don 烤索布拉萨达香肠, 布里奶酪和蜂蜜."
"36f3b763-5adb-463a-b59e-e539bda8fb97","Doble espresso","Doble carga de expresso","3.5","Ninguno","Doble espresso","Doble carga de expresso","Double espresso","double espresso shot","Double espresso","double dose d'espresso","Doppelter Espresso","doppelter Espresso-Shot","Espresso doppio","doppia dose di espresso","Espresso duplo","dose dupla de espresso","Dubbele espresso","dubbele espresso-shot","Espresso doble","doble càrrega d'espresso","双份浓缩咖啡","双份浓缩咖啡"
"2ca94384-7fdd-4688-84fc-29e6a05fa048","Lungo","Expresso rebajado con mucha agua","3.0","Ninguno","Lungo","Expresso rebajado con mucha agua","Lungo","Expresso rebajado with mucha water","Lungo","Expresso rebajado avec mucha eau","Lungo","Expresso rebajado mit mucha Wasser","Lungo","Expresso rebajado con mucha acqua","Lungo","Expresso rebajado com mucha água","Lungo","Expresso rebajado met mucha water","Lungo","Expresso rebajado amb mucha aigua","Lungo","Expresso rebajado配mucha 水"
"911fbe73-5f5a-4d96-9f08-d250d44d5624","Babychino","crema de leche","Gratis","Leche","Babychino","crema de leche","Babychino","milk foam","Babychino","mousse de lait","Babychino","Milchschaum","Babychino","schiuma di latte","Babychino","espuma de leite","Babychino","melkschuim","Babychino","escuma de llet","Babychino","奶泡"
"48d57765-433e-4b93-9604-d37a642918fd","Tonks","Yogur, fruta, frutos secos y miel","5.5","Leche, Frutos de cáscara","Tonks","Yogur, fruta, frutos secos y miel","Tonks","Yogurt, fruit, nuts and honey","Tonks","yaourt, fruit, fruits à coque et miel","Tonks","Joghurt, Obst, Nüsse und Honig","Tonks","yogurt, frutta, frutta secca e miele","Tonks","iogurte, fruta, frutos secos e mel","Tonks","yoghurt, fruit, noten en honing","Tonks","Iogurt, fruita, fruita seca i mel","Tonks","酸奶, 水果, 坚果和蜂蜜"
"43ab3ebc-9c28-4551-976d-e1a63ac6aede","Luxury (2 personas)","Zumo de naranja, tabla de quesos y embutidos ibéricos, fruta, yogur y surtido de panes y bolleria.","28.0","Gluten, Leche","Luxury (2 personas)","Zumo de naranja, tabla de quesos y embutidos ibéricos, fruta, yogur y surtido de panes y bolleria.","Luxury (2 personas)","Orange juice, glass of prosseco, board of Iberian cheeses and sausages, fruit, yogurt and an assortment of breads and pastries.","Luxury (2 personas)","jus d'orange, plateau de fromages et charcuteries ibériques, fruit, yaourt et assortiment de pains et viennoiseries.","Luxury (2 personas)","Orangensaft, ein Glas Prosseco, ein Brett mit iberischem Käse und Wurst, Obst, Joghurt und eine Auswahl an Brot und Gebäck.","Luxury (2 personas)","succo d'arancia, tagliere di formaggi e salumi iberici, frutta, yogurt e assortimento di panee e pasticceria.","Luxury (2 personas)","sumo de laranja, tábua de queijos e enchidos ibéricos, fruta, iogurte e seleção de pães e pastelaria.","Luxury (2 personas)","sinaasappelsap, kaasplank en Iberische vleeswaren, fruit, yoghurt en broodassortiment en gebak.","Luxury (2 personas)","Suc de taronja, copa de prossec, taula de formatges i embotits ibèrics, fruita, iogurt i assortiment de pans i brioixeria.","Luxury (2 personas)","橙汁, 奶酪拼盘和伊比利亚冷切肉, 水果, 酸奶和面包拼盘和糕点."
"fd8a7de4-abca-4d0f-9540-ab7b5b16bcb7","Nestea","","2.9","Ninguno","Nestea","","Nestea","","Nestea","","Nestea","","Nestea","","Nestea","","Nestea","","Nestea","","Nestea",""
"7cfc3fad-4e9a-414e-bba4-999c3180b014","Fanta Naranja","","2.9","Ninguno","Fanta Naranja","","Fanta Naranja","","Fanta Naranja","","Fanta Naranja","","Fanta Naranja","","Fanta Naranja","","Fanta Naranja","","Fanta Naranja","","Fanta Naranja",""
"f85333e8-bcc8-4ed2-8998-8ab2c1566f77","Agua","","2.5","Ninguno","Agua","","Water","","Eau","","Wasser","","Acqua","","Água","","Water","","Aigua","","水",""
"910214ca-dd7d-4303-be73-446856841a46","Estrella Galicia 0'0","Cerveza sin alcohol","3.0","Gluten","Estrella Galicia 0'0","Cerveza sin alcohol","Estrella Galicia 0'0","non-alcoholic beer","Estrella Galicia 0'0","bière sans alcool","Estrella Galicia 0'0","alkoholfreies Bier","Estrella Galicia 0'0","birra analcolica","Estrella Galicia 0'0","cerveja sem álcool","Estrella Galicia 0'0","alcoholvrij bier","Estrella Galicia 0'0","cervesa sense alcohol","Estrella Galicia 0'0","无酒精啤酒"
"908c122f-3515-441d-add1-7c3ae2034bff","Buckbeak","Lechuga, pepino, cebolla, pollo, salsa barbacoa","5.9","Gluten","Buckbeak","Lechuga, pepino, cebolla, pollo, salsa barbacoa","Buckbeak","Lettuce, cucumber, onion, chicken, barbecue sauce","Buckbeak","laitue, concombre, oignon, pollo, sauce barbecue","Buckbeak","Salat, Gurke, Zwiebel, Hühnchen, Barbecuesauce","Buckbeak","lattuga, cetriolo, cipolla, pollo, salsa barbecue","Buckbeak","alface, pepino, cebola, pollo, molho barbecue","Buckbeak","sla, komkommer, ui, pollo, barbecuesaus","Buckbeak","Enciam, cogombre, ceba, pollastre, salsa barbacoa","Buckbeak","生菜, 黄瓜, 洋葱, pollo, 烧烤酱"
"0fbb4305-cd51-4f52-be52-9c6e914594dc","Zumo Manzana","","2.5","Ninguno","Zumo Manzana","","Apple juice","","Jus de pomme","","Apfelsaft","","Succo di mela","","Sumo de maçã","","Appelsap","","Suc de poma","","苹果汁",""
"c683d3f6-1263-46a9-a910-40ec36624c63","Mocca","Cafe con chocolate liquido y leche","3.7","Leche","Mocca","Cafe con chocolate liquido y leche","Mocca","coffee with chocolate liquido and milk","Mocca","café avec chocolat liquido et lait","Mocca","Kaffee mit Schokolade liquido und Milch","Mocca","caffè con cioccolato liquido e latte","Mocca","café com chocolate liquido e leite","Mocca","koffie met chocolade liquido en melk","Mocca","cafè amb xocolata liquido i llet","Mocca","咖啡配巧克力 liquido和牛奶"
"e27f4286-5f01-4efb-ab5d-c8bd0743b545","Grindylow","Lechuga, tomate, atún, mayonesa","4.9","Gluten, Huevo, Pescado","Grindylow","Lechuga, tomate, atún, mayonesa","Grindylow","Lettuce, tomato, tuna, mayonnaise","Grindylow","laitue, tomate, thon, mayonnaise","Grindylow","Salat, Tomate, Thunfisch, Mayonnaise","Grindylow","lattuga, pomodoro, tonno, maionese","Grindylow","alface, tomate, atum, maionese","Grindylow","sla, tomaat, tonijn, mayonaise","Grindylow","Enciam, tomàquet, tonyina, maionesa","Grindylow","生菜, 番茄, 金枪鱼, 蛋黄酱"
"589fd1d1-395b-46bc-9671-ed04dae798e4","Agua con gas","","2.5","Ninguno","Agua con gas","","Sparkling water","","Eau gazeuse","","Sprudelwasser","","Acqua frizzante","","Água com gás","","Bruiswater","","Aigua amb gas","","气泡水",""
"7d6b8eed-4898-4dfb-b831-89d8521fc6c9","Estrella Galicia","","3.0","Gluten","Estrella Galicia","","Estrella Galicia","","Estrella Galicia","","Estrella Galicia","","Estrella Galicia","","Estrella Galicia","","Estrella Galicia","","Estrella Galicia","","Estrella Galicia",""
"d6115bcb-cc13-45f3-a0ab-e16bac03f15b","Prensa francesa","Cafe molido prensado con agua caliente","3.7","Ninguno","Prensa francesa","Cafe molido prensado con agua caliente","French press","coffee molido prensado with hot water","Cafetière à piston","café molido prensado avec eau chaude","French Press","Kaffee molido prensado mit heißes Wasser","French press","caffè molido prensado con acqua calda","Prensa francesa","café molido prensado com água quente","French press","koffie molido prensado met heet water","Premsa francesa","cafè molido prensado amb aigua calenta","法压咖啡","咖啡 molido prensado配热水"
"b8f57f92-a82f-4c07-9ae3-139f90b82c4e","Lockhart","Tiras de pollo empanadas.","6.9","Gluten, Huevo","Lockhart","Tiras de pollo empanadas.","Lockhart","Breaded chicken strips.","Lockhart","lamelles de poulet painées.","Lockhart","Panierte Hähnchenstreifen.","Lockhart","strisce di pollo impaneate.","Lockhart","tiras de frango pãoadas.","Lockhart","gebroodeerde kipreepjes.","Lockhart","Tires de pollastre empanades.","Lockhart","裹粉鸡柳."
"c4283865-755d-4c74-ae6b-ff292df9b356","Lupin","Avena, chía, leche vegetal, yogur, fruta seca","5.5","Leche","Lupin","Avena, chía, leche vegetal, yogur, fruta seca","Lupin","Oatmeal, chia, vegetable milk, yogurt, fruit","Lupin","avoine, chia, lait végétal, yaourt, fruits secs","Lupin","Haferflocken, Chia, Pflanzenmilch, Joghurt, Obst","Lupin","avena, chia, latte vegetale, yogurt, frutta secca","Lupin","aveia, chia, leite vegetal, iogurte, fruta seca","Lupin","haver, chia, plantaardige melk, yoghurt, gedroogd fruit","Lupin","Civada, chia, llet vegetal, iogurt, fruita","Lupin","燕麦, 奇亚籽, 植物奶, 酸奶, 果干"
"787c48b7-4629-4e04-a600-13d85ae97295","Bellatrix","Serrano, lomo, chorizo, salchichón, fuet, longaniza de payes","15.9","Ninguno","Bellatrix","Serrano, lomo, chorizo, salchichón, fuet, longaniza de payes","Bellatrix","Serrano, loin, chorizo, salchichón, fuet, country sausage","Bellatrix","jambon serrano, longe de porc séchée, chorizo, saucisson, fuet, saucisse paysanne","Bellatrix","Serrano, Lende, Chorizo, Salchichón, Fuet, Landwurst","Bellatrix","prosciutto serrano, lonza stagiopanena montata, chorizo, salame, fuet, salsiccia contadina","Bellatrix","presunto serrano, lombo curado, chouriço, salchichão, fuet, linguiça camponesa","Bellatrix","Serrano-ham, gedroogde varkenslende, chorizo, salchichón, fuet, boerenworst","Bellatrix","Serrano, llom, xoriço, llonganissa, fuet, llonganissa de pagès","Bellatrix","塞拉诺火腿, 腌猪里脊, 西班牙辣肠, 西班牙腊肠, 富埃特香肠, 乡村香肠"
"262eaa60-550d-4b95-8674-5777e249d72a","Zumo Melocotón","","2.5","Ninguno","Zumo Melocotón","","Peach juice","","Jus de pêche","","Pfirsichsaft","","Succo di pesca","","Sumo de pêssego","","Perziksap","","Suc de préssec","","桃汁",""
"156562b8-39eb-42f9-b6f3-29cf24ae2c6b","Voldemort","Variedad de embutidos y quesos con pan","15.9","Gluten, Leche","Voldemort","Variedad de embutidos y quesos","Voldemort","Variety of sausages and cheeses","Voldemort","Variedad de charcuteries et fromages avec pain","Voldemort","Verschiedene Wurst- und Käsesorten","Voldemort","Variedad de salumi e formaggios con pane","Voldemort","Variedad de enchidos e queijos com pão","Voldemort","Variedad de vleeswaren en kaass met brood","Voldemort","Varietat d'embotits i formatges","Voldemort","Variedad de 冷切肉和奶酪s配面包"
"dea40cb4-4868-454d-9ce5-010d93a7f654","Veggi","(lechuga, zanahoria, maíz, aguacate, mayonesa, huevo cocido)","5.9","Gluten, Huevo","Veggi","(lechuga, zanahoria, maíz, aguacate, mayonesa, huevo cocido)","Veggi","(lettuce, carrot, corn, avocado, mayonnaise, boiled egg)","Veggi","(laitue, carotte, maïs, avocat, mayonnaise, œuf dur)","Veggi","(Salat, Karotte, Mais, Avocado, Mayonnaise, gekochtes Ei)","Veggi","(lattuga, carota, mais, avocado, maionese, uovo sodo)","Veggi","(alface, cenoura, milho, abacate, maionese, ovo cozido)","Veggi","(sla, wortel, maïs, avocado, mayonaise, gekookt ei)","Veggi","(enciam, pastanaga, blat de moro, alvocat, maionesa, ou cuit)","Veggi","(生菜, 胡萝卜, 玉米, 牛油果, 蛋黄酱, 熟鸡蛋)"
"783af554-8eae-4165-a8c3-53c3a14c916e","Dumbledore","(tiras de pollo hervido, tomate, cebolla, lechuga, mayonesa, huevo hervido, salsa sriracha)","5.9","Gluten, Huevo","Dumbledore","(tiras de pollo hervido, tomate, cebolla, lechuga, mayonesa, huevo hervido, salsa sriracha)","Dumbledore","(boiled chicken strips, tomato, onion, lettuce, mayonnaise, boiled egg, sriracha sauce)","Dumbledore","(tiras de pollo hervido, tomate, oignon, laitue, mayonnaise, œuf dur, sauce sriracha)","Dumbledore","(gekochte Hähnchenstreifen, Tomaten, Zwiebeln, Salat, Mayonnaise, gekochtes Ei, Sriracha-Sauce)","Dumbledore","(tiras de pollo hervido, pomodoro, cipolla, lattuga, maionese, uovo sodo, salsa sriracha)","Dumbledore","(tiras de pollo hervido, tomate, cebola, alface, maionese, ovo cozido, molho sriracha)","Dumbledore","(tiras de pollo hervido, tomaat, ui, sla, mayonaise, gekookt ei, srirachasaus)","Dumbledore","(tires de pollastre bullit, tomàquet, ceba, enciam, maionesa, ou bullit, salsa sriracha)","Dumbledore","(tiras de pollo hervido, 番茄, 洋葱, 生菜, 蛋黄酱, 水煮蛋, 是拉差辣酱)"
"36578a3a-2abd-4a78-92e9-4581c6019656","Weasley","tostadas de mermelada y mantequilla","3.9","Gluten, Leche","Weasley","tostadas de mermelada y mantequilla","Weasley","jam and butter toast","Weasley","tartines de confiture et beurre","Weasley","Marmelade und Buttertoast","Weasley","toast de marmellata e burro","Weasley","torradas de compota e manteiga","Weasley","toast de jam en boter","Weasley","torrades de melmelada i mantega","Weasley","吐司 de 果酱和黄油"
"a0942364-6ae3-46c1-bdab-6d180d79df4b","Luna","guacamole y huevo hervido.","5.9","Gluten, Huevo","Luna","tostada con tomate, guacamole y huevo hervido.","Luna","toast with tomato, guacamole and boiled egg.","Luna","guacamole et œuf dur.","Luna","Toast mit Tomate, Guacamole und gekochtem Ei.","Luna","guacamole e uovo sodo.","Luna","guacamole e ovo cozido.","Luna","guacamole en gekookt ei.","Luna","torrada amb tomàquet, guacamole i ou bullit.","Luna","牛油果酱和水煮蛋."
"e6e0c56c-8f2b-470f-ad8a-a55726ecd047","Té Frutos Rojos","","2.5","Ninguno","Té Frutos Rojos","","Red berry tea","","Thé aux fruits rouges","","Rote-Früchte-Tee","","Tè ai frutti rossi","","Chá de frutos vermelhos","","Roodfruit-thee","","Te de fruits vermells","","红莓果茶",""
"ef198120-eb22-48e0-b24c-0fbc5305e569","Fanta Limón","","2.9","Ninguno","Fanta Limón","","Fanta Limón","","Fanta Limón","","Fanta Limón","","Fanta Limón","","Fanta Limón","","Fanta Limón","","Fanta Limón","","Fanta Limón",""
"d04ea0d6-3827-4d15-8468-e2eb167ad3c4","Sprite","","2.9","Ninguno","Sprite","","Sprite","","Sprite","","Sprite","","Sprite","","Sprite","","Sprite","","Sprite","","Sprite",""
"dc2d4b35-2bf6-463c-a54d-1c23377bcf32","Tónica","","2.5","Ninguno","Tónica","","Tónica","","Tónica","","Tónica","","Tónica","","Tónica","","Tónica","","Tónica","","Tónica",""
"0978f9d3-2be8-4703-a94a-dc9e6b5aaf7b","Zumo Piña","","2.5","Ninguno","Zumo Piña","","Pineapple juice","","Jus d'ananas","","Ananassaft","","Succo d'ananas","","Sumo de ananás","","Ananassap","","Suc de pinya","","菠萝汁",""
"bca9c0c7-dc91-4fcf-a305-62f8267d6895","Expresso","Carga de expresso","1.8","Ninguno","Expresso","Carga de expresso","Espresso","espresso shot","Espresso","dose d'espresso","Espresso","Espresso-Shot","Espresso","dose di espresso","Espresso","dose de espresso","Espresso","espresso-shot","Espresso","càrrega d'espresso","浓缩咖啡","一份浓缩咖啡"
"61be7116-51b0-4a63-b56d-067ab2d51703","Capuchino","Carga de expresso con crema de leche","3.0","Leche","Capuchino","Carga de expresso con crema de leche","Cappuccino","espresso shot with milk foam","Cappuccino","dose d'espresso avec mousse de lait","Cappuccino","Espresso-Shot mit Milchschaum","Cappuccino","dose di espresso con schiuma di latte","Cappuccino","dose de espresso com espuma de leite","Cappuccino","espresso-shot met melkschuim","Caputxino","càrrega d'espresso amb escuma de llet","卡布奇诺","一份浓缩咖啡配奶泡"
"883dcc7b-2115-447c-9afd-fb4651a37998","Café con miel","Carga de expresso con miel","2.0","Ninguno","Café con miel","Carga de expresso con miel","coffee con miel","espresso shot with honey","café con miel","dose d'espresso avec miel","Kaffee con miel","Espresso-Shot mit Honig","caffè con miel","dose di espresso con miele","café con miel","dose de espresso com mel","koffie con miel","espresso-shot met honing","cafè con miel","càrrega d'espresso amb mel","咖啡 con miel","一份浓缩咖啡配蜂蜜"
"f854c749-aa2f-4343-a3e2-a231870cd678","Latte","Carga de expresso con leche caliente","2.7","Leche","Latte","Carga de expresso con leche caliente","Latte","espresso shot with milk caliente","Latte","dose d'espresso avec lait caliente","Latte","Espresso-Shot mit Milch caliente","Latte","dose di espresso con latte caliente","Latte","dose de espresso com leite caliente","Latte","espresso-shot met melk caliente","Latte","càrrega d'espresso amb llet caliente","Latte","一份浓缩咖啡配牛奶 caliente"
"31af324c-183a-4be5-baa8-cfca4d8dd1cd","Cortado","Carga de expresso con poca leche","2.0","Leche","Cortado","Carga de expresso con poca leche","Cortado","espresso shot with poca milk","Cortado","dose d'espresso avec poca lait","Cortado","Espresso-Shot mit poca Milch","Cortado","dose di espresso con poca latte","Cortado","dose de espresso com poca leite","Cortado","espresso-shot met poca melk","Cortado","càrrega d'espresso amb poca llet","Cortado","一份浓缩咖啡配poca 牛奶"
"e895c06f-1dd4-41f0-af10-0bf9a63155dc","Flat White","Doble carga de expresso con leche caliente","3.7","Leche","Flat White","Doble carga de expresso con leche caliente","Flat White","double espresso shot with milk caliente","Flat White","double dose d'espresso avec lait caliente","Flat White","doppelter Espresso-Shot mit Milch caliente","Flat White","doppia dose di espresso con latte caliente","Flat White","dose dupla de espresso com leite caliente","Flat White","dubbele espresso-shot met melk caliente","Flat White","doble càrrega d'espresso amb llet caliente","Flat White","双份浓缩咖啡配牛奶 caliente"
"f6fccbd4-6eba-44fb-b30e-4f5106dae4bb","Manzanilla","","2.5","Ninguno","Manzanilla","","Chamomile","","Camomille","","Kamille","","Camomilla","","Camomila","","Kamille","","Camamilla","","洋甘菊茶",""
"5888fc3a-d282-4941-813f-614888df5acf","Té gengibre y limon","","3.5","Ninguno","Té gengibre y limon","","tea gengibre y limon","","thé gengibre y limon","","Tee gengibre y limon","","tè gengibre y limon","","chá gengibre y limon","","thee gengibre y limon","","te gengibre y limon","","茶 gengibre y limon",""
"5cb60368-8743-4880-ac23-8f49146502e9","Poleo Menta","","2.5","Ninguno","Poleo Menta","","Pennyroyal mint","","Menthe pouliot","","Poleiminze","","Menta poleggio","","Poejo e hortelã","","Poleimunt","","Poliol menta","","薄荷茶",""
"5c430675-ced9-4a26-8fa9-902c9abc9fcd","Coca Cola","","2.9","Ninguno","Coca Cola","","Coca Cola","","Coca Cola","","Coca Cola","","Coca Cola","","Coca Cola","","Coca Cola","","Coca Cola","","Coca Cola",""
"299f16a5-6b98-4412-823f-1dcb0ce821f3","Coca Cola Zero","","2.9","Ninguno","Coca Cola Zero","","Coca Cola Zero","","Coca Cola Zero","","Coca Cola Zero","","Coca Cola Zero","","Coca Cola Zero","","Coca Cola Zero","","Coca Cola Zero","","Coca Cola Zero",""
"4789a4dc-c7be-4786-8cd1-fb19a3eb435d","Breakfast Tea","","2.5","Ninguno","Breakfast Tea","","Breakfast Tea","","Breakfast Tea","","Breakfast Tea","","Breakfast Tea","","Breakfast Tea","","Breakfast Tea","","Breakfast Tea","","Breakfast Tea",""
"fa63b553-dd3b-4eb6-8989-39a664b70577","Quidditch","Bowl de yogurt, salmón ahumado, aguacate, huevo hervido, surtido de panes.","13.9","Leche, Huevo, Pescado","Quidditch","Bowl de yogurt, salmón ahumado, aguacate, huevo hervido, surtido de panes.","Quidditch","Bowl of yogurt, smoked salmon, avocado, boiled egg, assortment of breads.","Quidditch","Bowl de yaourtt, saumon fumé, avocat, œuf dur, assortiment de pains.","Quidditch","Schüssel Joghurt, geräucherter Lachs, Avocado, gekochtes Ei, verschiedene Brotsorten.","Quidditch","Bowl de yogurtt, salmone affumicato, avocado, uovo sodo, assortimento di panee.","Quidditch","Bowl de iogurtet, salmão fumado, abacate, ovo cozido, seleção de pães.","Quidditch","Bowl de yoghurtt, gerookte zalm, avocado, gekookt ei, broodassortiment.","Quidditch","Bowl de iogurt, salmó fumat, alvocat, ou bullit, assortiment de pans.","Quidditch","Bowl de 酸奶t, 烟熏三文鱼, 牛油果, 水煮蛋, 面包拼盘."
"39c11b8b-e8e8-4662-90c0-724481b62abb","Té Verde","","2.5","Ninguno","Té Verde","","Green tea","","Thé vert","","Grüner Tee","","Tè verde","","Chá verde","","Groene thee","","Te verd","","绿茶",""
"99338a32-1e71-486f-aba0-5800e44f764d","Té Rojo","","2.5","Ninguno","Té Rojo","","Red tea","","Thé rouge","","Roter Tee","","Tè rosso","","Chá vermelho","","Rode thee","","Te vermell","","红茶",""
"335fc6a7-0403-4ee1-8e67-6ae75234a26d","Café Irlandés","Carga de expresso con whisky, azucar y crema de leche","6.0","Leche","Café Irlandés","Carga de expresso con whisky, azucar y crema de leche","coffee Irlandés","espresso shot with whisky, sugar and milk foam","café Irlandés","dose d'espresso avec whisky, sucre et mousse de lait","Kaffee Irlandés","Espresso-Shot mit Whisky, Zucker und Milchschaum","caffè Irlandés","dose di espresso con whisky, zucchero e schiuma di latte","café Irlandés","dose de espresso com whisky, açúcar e espuma de leite","koffie Irlandés","espresso-shot met whisky, suiker en melkschuim","cafè Irlandés","càrrega d'espresso amb whisky, sucre i escuma de llet","咖啡 Irlandés","一份浓缩咖啡配威士忌, 糖和奶泡"
"d483fb8f-09cf-4bdc-936f-13f5f9a88d95","Overnight","Avena, miel, leche vegetal, frutos secos","5.5","Frutos de cáscara","Overnight","Avena, miel, leche, frutos secos","Overnight","Oats, honey, milk, nuts","Overnight","avoine, miel, lait, fruits à coque","Overnight","Hafer, Honig, Milch, Nüsse","Overnight","avena, miele, latte, frutta secca","Overnight","aveia, mel, leite, frutos secos","Overnight","haver, honing, melk, noten","Overnight","Civada, mel, llet, fruita seca","Overnight","燕麦, 蜂蜜, 牛奶, 坚果"
"5a9756eb-2381-4fc8-9e39-e04b81cba8ba","Té Matcha","Te verde macha con leche o agua","3.7","Leche","Té Matcha","Te verde macha con leche o agua","tea Matcha","Te verde macha with milk or water","thé Matcha","Te verde macha avec lait ou eau","Tee Matcha","Te verde macha mit Milch oder Wasser","tè Matcha","Te verde macha con latte o acqua","chá Matcha","Te verde macha com leite ou água","thee Matcha","Te verde macha met melk of water","te Matcha","Te verde macha amb llet o aigua","茶 Matcha","Te verde macha配牛奶或水"
"a496338b-7f3e-4211-bb92-2cbd1bfd8680","Carajillo","Carga de expresso con amazonas o baylies","3.5","Ninguno","Carajillo","Carga de expresso con amazonas o baylies","Carajillo","espresso shot with amazonas or baylies","Carajillo","dose d'espresso avec amazonas ou baylies","Carajillo","Espresso-Shot mit amazonas oder baylies","Carajillo","dose di espresso con amazonas o baylies","Carajillo","dose de espresso com amazonas ou baylies","Carajillo","espresso-shot met amazonas of baylies","Carajillo","càrrega d'espresso amb amazonas o baylies","Carajillo","一份浓缩咖啡配amazonas或baylies"
"c9cba121-cc19-4eea-a949-0433712140b5","Latte Macchiato","Carga de expresso con mucha leche y crema de leche","4.0","Leche","Latte Macchiato","Carga de expresso con mucha leche y crema de leche","Latte Macchiato","espresso shot with mucha milk and milk foam","Latte Macchiato","dose d'espresso avec mucha lait et mousse de lait","Latte Macchiato","Espresso-Shot mit mucha Milch und Milchschaum","Latte Macchiato","dose di espresso con mucha latte e schiuma di latte","Latte Macchiato","dose de espresso com mucha leite e espuma de leite","Latte Macchiato","espresso-shot met mucha melk en melkschuim","Latte Macchiato","càrrega d'espresso amb mucha llet i escuma de llet","Latte Macchiato","一份浓缩咖啡配mucha 牛奶和奶泡"
"0aed7e4a-f089-4009-864f-194d1648b690","Limonada","Limonada casera con sacarina","5.0","Ninguno","Limonada","Limonada casera con sacarina","Limonada","homemade lemonade with saccharin","Limonada","limonade maison avec saccharine","Limonada","hausgemachte Limonade mit Saccharin","Limonada","limopanena montata fatta in casa con saccarina","Limonada","limonada caseira com sacarina","Limonada","huisgemaakte limonade met sacharine","Limonada","llimonada casolana amb sacarina","Limonada","自制柠檬水配糖精"
"1ed2b7c6-9034-4feb-beb1-1128efe700c7","Ibérico","(tomate y embutido a elegir)","5.5","Gluten","Ibérico","(tomate, serrano, lomo, chorizo, salchichón a elegir)","Ibérico","(tomato, serrano, loin, chorizo, sausage of your choice)","Ibérico","(tomate et embutido au choix)","Ibérico","(Tomate, Serrano, Lende, Chorizo, Wurst nach Wahl)","Ibérico","(pomodoro e embutido a scelta)","Ibérico","(tomate e embutido à escolha)","Ibérico","(tomaat en embutido naar keuze)","Ibérico","(tomàquet, serrà, llom, xoriço, llonganissa a triar)","Ibérico","(番茄和embutido可选)"
"f144a35c-b8ae-48be-90c4-18446789e9e8","Caprese","(tomate, mozzarella, pesto)","5.9","Gluten, Leche","Caprese","(tomate, mozzarella, pesto)","Caprese","(tomato, mozzarella, pesto)","Caprese","(tomate, mozzarella, pesto)","Caprese","(Tomate, Mozzarella, Pesto)","Caprese","(pomodoro, mozzarella, pesto)","Caprese","(tomate, mozzarella, pesto)","Caprese","(tomaat, mozzarella, pesto)","Caprese","(tomàquet, mozzarella, pesto)","Caprese","(番茄, 马苏里拉奶酪, 青酱)"
"e5fa53e3-a430-4ab7-95dd-ae8da23b6ba5","Beauxbatons","Tostada, miel, azúcar y canela","6.9","Gluten","Beauxbatons","Tostada, miel, azúcar y canela","Beauxbatons","Toast, honey, sugar and cinnamon","Beauxbatons","tartine, miel, sucre et cannelle","Beauxbatons","Toast, Honig, Zucker und Zimt","Beauxbatons","toast, miele, zucchero e cannella","Beauxbatons","torrada, mel, açúcar e canela","Beauxbatons","toast, honing, suiker en kaneel","Beauxbatons","Torrada, mel, sucre i canyella","Beauxbatons","吐司, 蜂蜜, 糖和肉桂"
"a4fd9790-4423-4a5b-b94b-3f987c98d454","Iberiquisimo","Tabla de embutidos, fruta, mermelada y mantequilla, surtido de panes.","12.9","Leche","Iberiquisimo","Tabla de embutidos, fruta, mermelada y mantequilla, surtido de panes.","Iberiquisimo","Charcuterie board, fruit, jam and butter, assortment of breads.","Iberiquisimo","Tabla de charcuteries, fruit, confiture et beurre, assortiment de pains.","Iberiquisimo","Wurstbrett, Obst, Marmelade und Butter, verschiedene Brotsorten.","Iberiquisimo","Tabla de salumi, frutta, marmellata e burro, assortimento di panee.","Iberiquisimo","Tabla de enchidos, fruta, compota e manteiga, seleção de pães.","Iberiquisimo","Tabla de vleeswaren, fruit, jam en boter, broodassortiment.","Iberiquisimo","Taula d'embotits, fruita, melmelada i mantega, assortiment de pans.","Iberiquisimo","Tabla de 冷切肉, 水果, 果酱和黄油, 面包拼盘."
"9e242d34-a878-40f3-a49b-849d42f61a8c","Verrine","Postres variados en vasitos","5.0","Huevo, leche, frutos de cascara","Verrine","Postres variados en vasitos","Verrine","Postres variados en vasitos","Verrine","Postres variados en vasitos","Verrine","Postres variados en vasitos","Verrine","Postres variados en vasitos","Verrine","Postres variados en vasitos","Verrine","Postres variados en vasitos","Verrine","Postres variados en vasitos","Verrine","Postres variados en vasitos"
"15031127-3801-4955-b4a3-785ec345d7eb","Rooibos","","2.5","Ninguno","Rooibos","","Rooibos","","Rooibos","","Rooibos","","Rooibos","","Rooibos","","Rooibos","","Rooibos","","Rooibos",""
"8a270551-824b-4f3c-815d-e97efc5197bb","Narcisa","Tostada de tomate y aguacate","5.9","Gluten","Narcisa","Tostada de tomate y aguacate","Narcisa","Tomato and avocado toast","Narcisa","tartine de tomate et avocat","Narcisa","Tomaten-Avocado-Toast","Narcisa","toast de pomodoro e avocado","Narcisa","torrada de tomate e abacate","Narcisa","toast de tomaat en avocado","Narcisa","Torrada de tomàquet i alvocat","Narcisa","吐司 de 番茄和牛油果"
"8dbeafc4-9ad8-4ef4-9479-bfba549501cf","Chupito Jack Daniels","","3.0","Ninguno","Chupito Jack Daniels","","Chupito Jack Daniels","","Chupito Jack Daniels","","Chupito Jack Daniels","","Chupito Jack Daniels","","Chupito Jack Daniels","","Chupito Jack Daniels","","Chupito Jack Daniels","","Chupito Jack Daniels",""
"c72029b2-c708-4ec2-868a-ca365174dde9","Daim","Tarta Sueca de avena, chocolate y almendras caramelizadas","3.0","Leche, Huevo, Frutos de cáscara, Gluten","Daim","Tarta Sueca de avena, chocolate y almendras caramelizadas","Daim","Tarta Sueca of oats, chocolate and almonds caramelizadas","Daim","Tarta Sueca de avoine, chocolat et amandes caramelizadas","Daim","Tarta Sueca de Hafer, Schokolade und Mandeln caramelizadas","Daim","Tarta Sueca de avena, cioccolato e mandorle caramelizadas","Daim","Tarta Sueca de aveia, chocolate e amêndoas caramelizadas","Daim","Tarta Sueca de haver, chocolade en amandelen caramelizadas","Daim","Tarta Sueca de civada, xocolata i ametlles caramelizadas","Daim","Tarta Sueca de 燕麦, 巧克力和杏仁 caramelizadas"
"105a790b-7f6b-48d4-b9c9-b706a302aff0","ICE LATTE","Carga de expresso con hielo picado y leche","4.9","Leche","ICE LATTE","Carga de expresso con hielo picado y leche","ICE LATTE","espresso shot with hielo picado and milk","ICE LATTE","dose d'espresso avec hielo picado et lait","ICE LATTE","Espresso-Shot mit hielo picado und Milch","ICE LATTE","dose di espresso con hielo picado e latte","ICE LATTE","dose de espresso com hielo picado e leite","ICE LATTE","espresso-shot met hielo picado en melk","ICE LATTE","càrrega d'espresso amb hielo picado i llet","ICE LATTE","一份浓缩咖啡配hielo picado和牛奶"
"a8c65014-4161-4929-b466-1a295d07fbfe","Medio Bocadillo","medio bocadilo a elegir","4.0","Gluten","Medio Bocadillo","medio bocadilo a elegir","Half sandwich","medio bocadilo of your choice","Demi-sandwich","medio bocadilo au choix","Halbes Sandwich","medio bocadilo nach Wahl","Mezzo panino","medio bocadilo a scelta","Meia sanduíche","medio bocadilo à escolha","Halve sandwich","medio bocadilo naar keuze","Mig entrepà","medio bocadilo a triar","半份三明治","medio bocadilo可选"
"989ce48d-2012-498e-a76e-ddad5077918d","Tarta entera","Tartas enteras por encargo.","39.0","Gluten, Leche, Huevo","Tarta entera","Tartas enteras por encargo.","Tarta entera","Tartas enteras por encargo.","Tarta entera","Tartas enteras por encargo.","Tarta entera","Tartas enteras por encargo.","Tarta entera","Tartas enteras por encargo.","Tarta entera","Tartas enteras por encargo.","Tarta entera","Tartas enteras por encargo.","Tarta entera","Tartas enteras por encargo.","Tarta entera","Tartas enteras por encargo."
"1ab969ed-ca9b-4429-af47-4f959401ca24","Mandragora","Tomate, mozzarella, balsámico, albahaca seca y oregano","5.9","Gluten, Leche","Mandragora","Tomate, mozzarella, balsámico, albahaca seca y oregano","Mandragora","tomato, mozzarella, balsamic, dried basil and oregano","Mandragora","tomate, mozzarella, balsamique, basilic séché et origan","Mandragora","Tomate, Mozzarella, Balsamico, getrocknetes Basilikum und Oregano","Mandragora","pomodoro, mozzarella, balsamico, basilico secco e origano","Mandragora","tomate, mozzarella, balsâmico, manjericão seco e orégãos","Mandragora","tomaat, mozzarella, balsamico, gedroogde basilicum en oregano","Mandragora","tomàquet, mozzarella, balsàmic, alfàbrega seca i orenga","Mandragora","番茄, 马苏里拉奶酪, 意大利黑醋, 干罗勒和牛至"
"2cef51e4-a152-4301-9734-68c0d19ee46e","Dobby","Bocadillo con pan bollo con el embutido a elegir","2.5","Gluten","Dobby","Bocadillo con pan bollo con el embutido que quiera.","Dobby","Sandwich with bun bread with the sausage you want.","Dobby","Bocadillo avec pain bollo avec el embutido au choix","Dobby","Sandwich mit Brötchenbrot mit der gewünschten Wurst.","Dobby","Bocadillo con pane bollo con el embutido a scelta","Dobby","Bocadillo com pão bollo com el embutido à escolha","Dobby","Bocadillo met brood bollo met el embutido naar keuze","Dobby","Entrepà amb pa brioix amb l'embotit que vulgui.","Dobby","Bocadillo配面包 bollo配el embutido可选"
"c771b7b2-29d5-476d-a601-c80bc4cd5047","Zumo naranja","","2.5","Ninguno","Zumo naranja","","Orange juice","","Jus d'orange","","Orangensaft","","Succo d'arancia","","Sumo de laranja","","Sinaasappelsap","","Suc de taronja","","橙汁",""
"a55faa00-2b4d-4350-b37f-f8e394b60184","Scamander","pollo rebozado al estilo americano","8.9","Gluten, Huevo","Scamander","pollo rebozado al estilo americano","Scamander","American style breaded chicken","Scamander","poulet painé al estilo americano","Scamander","Paniertes Hähnchen nach amerikanischer Art","Scamander","pollo impaneato al estilo americano","Scamander","frango pãoado al estilo americano","Scamander","gebroodeerde kip al estilo americano","Scamander","pollastre arrebossat a l'estil americà","Scamander","裹粉鸡肉 al estilo americano"
"81f7768f-f6f9-4a86-ae2d-d4e58bafc242","Napolitana crema y chocolate","","2.5","Gluten, Leche, Huevo","Napolitana crema y chocolate","","Napolitana crema y chocolate","","Napolitana crema y chocolat","","Napolitana crema y Schokolade","","Napolitana crema y cioccolato","","Napolitana crema y chocolate","","Napolitana crema y chocolade","","Napolitana crema y xocolata","","Napolitana crema y 巧克力",""
"97b93ee3-482c-478d-8caa-226b82874405","ICE FLAT WHITE","Doble carga de expresso con hielo picado y leche","5.9","Leche","ICE FLAT WHITE","Doble carga de expresso con hielo picado y leche","ICE FLAT WHITE","double espresso shot with hielo picado and milk","ICE FLAT WHITE","double dose d'espresso avec hielo picado et lait","ICE FLAT WHITE","doppelter Espresso-Shot mit hielo picado und Milch","ICE FLAT WHITE","doppia dose di espresso con hielo picado e latte","ICE FLAT WHITE","dose dupla de espresso com hielo picado e leite","ICE FLAT WHITE","dubbele espresso-shot met hielo picado en melk","ICE FLAT WHITE","doble càrrega d'espresso amb hielo picado i llet","ICE FLAT WHITE","双份浓缩咖啡配hielo picado和牛奶"
"6d9ec63f-4065-4492-beb2-697b7101b03d","Mandangus","Tostada con tomate en rodaja","3.9","Gluten","Mandangus","Tostada con tomate","Mandangus","toast with tomato","Mandangus","tartine avec tomate en rodaja","Mandangus","Toast mit Tomate","Mandangus","toast con pomodoro en rodaja","Mandangus","torrada com tomate en rodaja","Mandangus","toast met tomaat en rodaja","Mandangus","Torrada amb tomàquet","Mandangus","吐司配番茄 en rodaja"
"69f3aaaa-cc55-4059-b1fd-fe4d07dde3d0","Tarta de queso","","4.9","Gluten, Leche, Huevo","Tarta de queso","","Cheesecake","","Cheesecake","","Käsekuchen","","Cheesecake","","Cheesecake","","Cheesecake","","Pastís de formatge","","芝士蛋糕",""
"46804cf1-7166-47b5-9fa7-798f60bb11c3","Cola Cao energy","chocolate con leche preparado en botella","2.7","Leche","Cola Cao energy","chocolate con leche preparado en botella","Cola Cao energy","chocolate with milk preparado en botella","Cola Cao energy","chocolat avec lait preparado en botella","Cola Cao energy","Schokolade mit Milch preparado en botella","Cola Cao energy","cioccolato con latte preparado en botella","Cola Cao energy","chocolate com leite preparado en botella","Cola Cao energy","chocolade met melk preparado en botella","Cola Cao energy","xocolata amb llet preparado en botella","Cola Cao energy","巧克力配牛奶 preparado en botella"
"c0a64253-bbc2-4731-9fdc-6d7f5a7564c0","ICE MOCCA","Carga de expresso con chocolate hielo picado y leche","5.5","Leche","ICE MOCCA","Carga de expresso con chocolate hielo picado y leche","ICE MOCCA","espresso shot with chocolate hielo picado and milk","ICE MOCCA","dose d'espresso avec chocolat hielo picado et lait","ICE MOCCA","Espresso-Shot mit Schokolade hielo picado und Milch","ICE MOCCA","dose di espresso con cioccolato hielo picado e latte","ICE MOCCA","dose de espresso com chocolate hielo picado e leite","ICE MOCCA","espresso-shot met chocolade hielo picado en melk","ICE MOCCA","càrrega d'espresso amb xocolata hielo picado i llet","ICE MOCCA","一份浓缩咖啡配巧克力 hielo picado和牛奶"
"7074fd5b-6d05-493e-8d82-ec56b3728e5e","Seagram's + Refresco","refresco a elegir","7.9","Ninguno","Seagram's + Refresco","refresco a elegir","Seagram's + Refresco","soft drink of your choice","Seagram's + Refresco","soda au choix","Seagram's + Refresco","Softdrink nach Wahl","Seagram's + Refresco","bibita a scelta","Seagram's + Refresco","refrigerante à escolha","Seagram's + Refresco","frisdrank naar keuze","Seagram's + Refresco","refresc a triar","Seagram's + Refresco","自选软饮"
"6d1ae4a4-6da8-4af0-86fa-a9f060aa0814","Smirnoff + Refresco","refresco a elegir","6.9","Ninguno","Smirnoff + Refresco","refresco a elegir","Smirnoff + Refresco","soft drink of your choice","Smirnoff + Refresco","soda au choix","Smirnoff + Refresco","Softdrink nach Wahl","Smirnoff + Refresco","bibita a scelta","Smirnoff + Refresco","refrigerante à escolha","Smirnoff + Refresco","frisdrank naar keuze","Smirnoff + Refresco","refresc a triar","Smirnoff + Refresco","自选软饮"
"7a06194d-5c55-4ef9-ad67-32a3c18b6cf6","Barceló + Refresco","refresco a elegir","7.9","Ninguno","Barceló + Refresco","refresco a elegir","Barceló + Refresco","soft drink of your choice","Barceló + Refresco","soda au choix","Barceló + Refresco","Softdrink nach Wahl","Barceló + Refresco","bibita a scelta","Barceló + Refresco","refrigerante à escolha","Barceló + Refresco","frisdrank naar keuze","Barceló + Refresco","refresc a triar","Barceló + Refresco","自选软饮"
"4f76c1ad-9f33-4eab-a760-f310cab15e7f","J&B + Refresco","refresco a elegir","6.9","Ninguno","J&B + Refresco","refresco a elegir","J&B + Refresco","soft drink of your choice","J&B + Refresco","soda au choix","J&B + Refresco","Softdrink nach Wahl","J&B + Refresco","bibita a scelta","J&B + Refresco","refrigerante à escolha","J&B + Refresco","frisdrank naar keuze","J&B + Refresco","refresc a triar","J&B + Refresco","自选软饮"
"8194774f-8198-4660-a6f1-1a97c042f68f","Habana Club especial + Refresco","refresco a elegir","8.5","Ninguno","Habana Club especial + Refresco","refresco a elegir","Habana Club especial + Refresco","soft drink of your choice","Habana Club especial + Refresco","soda au choix","Habana Club especial + Refresco","Softdrink nach Wahl","Habana Club especial + Refresco","bibita a scelta","Habana Club especial + Refresco","refrigerante à escolha","Habana Club especial + Refresco","frisdrank naar keuze","Habana Club especial + Refresco","refresc a triar","Habana Club especial + Refresco","自选软饮"
"6649a780-656b-49f6-bca3-8865d440f63d","Campari + Soda","refresco a elegir","7.9","Ninguno","Campari + Soda","refresco a elegir","Campari + Soda","soft drink of your choice","Campari + Soda","soda au choix","Campari + Soda","Softdrink nach Wahl","Campari + Soda","bibita a scelta","Campari + Soda","refrigerante à escolha","Campari + Soda","frisdrank naar keuze","Campari + Soda","refresc a triar","Campari + Soda","自选软饮"
"a9f01cec-02bf-4457-a0dd-e14b087e30d6","Broockmans + Refresco","refresco a elegir","8.9","Ninguno","Broockmans + Refresco","refresco a elegir","Broockmans + Refresco","soft drink of your choice","Broockmans + Refresco","soda au choix","Broockmans + Refresco","Softdrink nach Wahl","Broockmans + Refresco","bibita a scelta","Broockmans + Refresco","refrigerante à escolha","Broockmans + Refresco","frisdrank naar keuze","Broockmans + Refresco","refresc a triar","Broockmans + Refresco","自选软饮"
"6218fc12-f652-4676-9ebd-c324f089ddfe","Hendricks + Refresco","refresco a elegir","9.9","Ninguno","Hendricks + Refresco","refresco a elegir","Hendricks + Refresco","soft drink of your choice","Hendricks + Refresco","soda au choix","Hendricks + Refresco","Softdrink nach Wahl","Hendricks + Refresco","bibita a scelta","Hendricks + Refresco","refrigerante à escolha","Hendricks + Refresco","frisdrank naar keuze","Hendricks + Refresco","refresc a triar","Hendricks + Refresco","自选软饮"
"2bfca7d9-a897-4b6f-ad6f-d5c4c5f9f48f","Red Label + Refresco","refresco a elegir","6.9","Ninguno","Red Label + Refresco","refresco a elegir","Red Label + Refresco","soft drink of your choice","Red Label + Refresco","soda au choix","Red Label + Refresco","Softdrink nach Wahl","Red Label + Refresco","bibita a scelta","Red Label + Refresco","refrigerante à escolha","Red Label + Refresco","frisdrank naar keuze","Red Label + Refresco","refresc a triar","Red Label + Refresco","自选软饮"
"2461ef87-99a8-4351-a7af-40166b8e962a","43 + Leche","","6.9","Leche","43 + Leche","","43 + Leche","","43 + Leche","","43 + Leche","","43 + Leche","","43 + Leche","","43 + Leche","","43 + Leche","","43 + Leche",""
"74c89763-ee6f-4260-b5d3-ab59fa9412c4","Aperol","Aperol con Frizzante y agua con gas","7.0","Sulfitos","Aperol","Aperol con Frizzante y agua con gas","Aperol","Aperol with Frizzante and sparkling water","Aperol","Aperol avec Frizzante et eau gazeuse","Aperol","Aperol mit Frizzante und Sprudelwasser","Aperol","Aperol con Frizzante e acqua frizzante","Aperol","Aperol com Frizzante e água com gás","Aperol","Aperol met Frizzante en bruiswater","Aperol","Aperol amb Frizzante i aigua amb gas","Aperol","Aperol配Frizzante和气泡水"
"8d511548-ee4e-43e1-a4d6-cb61ff8316a2","Ginger Ale","Refresco de naranja y genjibre","2.5","Ninguno","Ginger Ale","Refresco de naranja y genjibre","Ginger Ale","Refresco of naranja and ginger","Ginger Ale","Refresco de naranja et gingembre","Ginger Ale","Refresco de naranja und Ingwer","Ginger Ale","Refresco de naranja e zenzero","Ginger Ale","Refresco de naranja e gengibre","Ginger Ale","Refresco de naranja en gember","Ginger Ale","Refresco de naranja i gingebre","Ginger Ale","Refresco de naranja和姜"
"af5118f4-43cb-459d-95f9-809d469c3bfa","Chocolate Caliente","Chocolate a la taza","3.5","Leche","Chocolate Caliente","Chocolate a la taza","Hot chocolate","chocolate a la taza","Chocolat chaud","chocolat a la taza","Heiße Schokolade","Schokolade a la taza","Cioccolata calda","cioccolato a la taza","Chocolate quente","chocolate a la taza","Warme chocolademelk","chocolade a la taza","Xocolata calenta","xocolata a la taza","热巧克力","巧克力 a la taza"
"8d27f800-f183-4df3-90b9-34c07287d6f5","Expreso Martini","Licor de cafe, vodka, azucar y una carga de expresso","8.9","Ninguno","Expreso Martini","Licor de cafe, vodka, azucar y una carga de expresso","Expreso Martini","Licor of coffee, vodka, sugar and una espresso shot","Expreso Martini","Licor de café, vodka, sucre et una dose d'espresso","Expreso Martini","Licor de Kaffee, Wodka, Zucker und una Espresso-Shot","Expreso Martini","Licor de caffè, vodka, zucchero e una dose di espresso","Expreso Martini","Licor de café, vodka, açúcar e una dose de espresso","Expreso Martini","Licor de koffie, wodka, suiker en una espresso-shot","Expreso Martini","Licor de cafè, vodka, sucre i una càrrega d'espresso","Expreso Martini","Licor de 咖啡, 伏特加, 糖和una 一份浓缩咖啡"
"c37dab9d-3e2a-496f-a5fa-ef399c5d279e","Skabers","Lechuga, tomate, atún, surimi,mayonesa.","5.9","Gluten, Huevo, Pescado, Crustaceos","Skabers","Lechuga, tomate, atún, surimi,mayonesa.","Skabers","lettuce, tomato, tuna, surimi,mayonnaise.","Skabers","laitue, tomate, thon, surimi,mayonnaise.","Skabers","Salat, Tomate, Thunfisch, Surimi,Mayonnaise.","Skabers","lattuga, pomodoro, tonno, surimi,maionese.","Skabers","alface, tomate, atum, surimi,maionese.","Skabers","sla, tomaat, tonijn, surimi,mayonaise.","Skabers","enciam, tomàquet, tonyina, surimi,maionesa.","Skabers","生菜, 番茄, 金枪鱼, 蟹柳,蛋黄酱."
"31c26cb6-35f8-473e-b902-2d4d85f8a93c","Te frio","Te frio de manzana","4.0","Ninguno","Te frio","Te frio de manzana","Te frio","Te frio of manzana","Te frio","Te frio de manzana","Te frio","Te frio de manzana","Te frio","Te frio de manzana","Te frio","Te frio de manzana","Te frio","Te frio de manzana","Te frio","Te frio de manzana","Te frio","Te frio de manzana"
"a9217d25-4b72-4fd7-9fd3-2bc08299eb11","Jack Daniels  manzana + Refresco","","8.9","Ninguno","Jack Daniels  manzana + Refresco","","Jack Daniels  manzana + Refresco","","Jack Daniels  manzana + Refresco","","Jack Daniels  manzana + Refresco","","Jack Daniels  manzana + Refresco","","Jack Daniels  manzana + Refresco","","Jack Daniels  manzana + Refresco","","Jack Daniels  manzana + Refresco","","Jack Daniels  manzana + Refresco",""
"bd6d7e60-399e-4382-bd74-9eab171bc3e7","Shandy","Cerveza con fanta limon","2.7","Gluten","Shandy","Cerveza con fanta limon","Shandy","beer with fanta limon","Shandy","bière avec fanta limon","Shandy","Bier mit fanta limon","Shandy","birra con fanta limon","Shandy","cerveja com fanta limon","Shandy","bier met fanta limon","Shandy","cervesa amb fanta limon","Shandy","啤酒配fanta limon"
"2e1e509d-fdd7-402f-924e-1a82d42ba6fe","Clara","Cerveza con Sprite","2.7","Gluten","Clara","Cerveza con Sprite","Clara","beer with Sprite","Clara","bière avec Sprite","Clara","Bier mit Sprite","Clara","birra con Sprite","Clara","cerveja com Sprite","Clara","bier met Sprite","Clara","cervesa amb Sprite","Clara","啤酒配Sprite"
"3721b75e-96b4-4f3d-9e27-f438878706dd","Redbull","","4.5","Ninguno","Redbull","","Redbull","","Redbull","","Redbull","","Redbull","","Redbull","","Redbull","","Redbull","","Redbull",""
"97025cbd-e2b4-40c0-ac26-b451264a5244","Spezie","Cola con Fanta naranja","3.5","Ninguno","Spezie","Cola con Fanta naranja","Spezie","Cola with Fanta naranja","Spezie","Cola avec Fanta naranja","Spezie","Cola mit Fanta naranja","Spezie","Cola con Fanta naranja","Spezie","Cola com Fanta naranja","Spezie","Cola met Fanta naranja","Spezie","Cola amb Fanta naranja","Spezie","Cola配Fanta naranja"
"c824be60-9110-4e4f-bf6c-14453a2d32af","Hierbas secas","","3.0","Ninguno","Hierbas secas","","Hierbas secas","","Hierbas secas","","Hierbas secas","","Hierbas secas","","Hierbas secas","","Hierbas secas","","Hierbas secas","","Hierbas secas",""
"541d9736-deee-4471-87e0-e3aefd1390d9","Hierbas mezcladas","","3.0","Ninguno","Hierbas mezcladas","","Hierbas mezcladas","","Hierbas mezcladas","","Hierbas mezcladas","","Hierbas mezcladas","","Hierbas mezcladas","","Hierbas mezcladas","","Hierbas mezcladas","","Hierbas mezcladas",""
"da1e7a08-d55b-498c-987c-d6e1b0d5d9f7","Hierbas dulces","","3.0","Ninguno","Hierbas dulces","","Hierbas sweets","","Hierbas douceurs","","Hierbas Süßes","","Hierbas dolci","","Hierbas doces","","Hierbas zoetigheden","","Hierbas dolços","","Hierbas 甜点",""
"b1892693-1bb6-477d-9d4e-c89c1a6f1da4","Brandy","","4.5","Ninguno","Brandy","","Brandy","","Brandy","","Brandy","","Brandy","","Brandy","","Brandy","","Brandy","","Brandy",""
"a7297d00-8b9b-45c5-8211-d5c887214868","Copa whisky","","4.0","Ninguno","Copa whisky","","Copa whisky","","Copa whisky","","Copa whisky","","Copa whisky","","Copa whisky","","Copa whisky","","Copa whisky","","Copa whisky",""
"f7716eb2-5630-494e-b2ad-6f84e18c0f8a","Copa de Ron","","4.0","Ninguno","Copa de Ron","","Copa de Ron","","Copa de Ron","","Copa de Ron","","Copa de Ron","","Copa de Ron","","Copa de Ron","","Copa de Ron","","Copa de Ron",""
"bc0065ba-ed67-4b31-890e-337adbafb354","copa de Vodka","","4.0","Ninguno","copa de Vodka","","copa de Vodka","","copa de Vodka","","copa de Vodka","","copa de Vodka","","copa de Vodka","","copa de Vodka","","copa de Vodka","","copa de Vodka",""
"5ac80b71-8458-4f70-85d0-091e17ac0b1f","copa Tequila","","4.0","Ninguno","copa Tequila","","copa Tequila","","copa Tequila","","copa Tequila","","copa Tequila","","copa Tequila","","copa Tequila","","copa Tequila","","copa Tequila",""
"55a206aa-d8c8-4d17-b8a3-ecdb590510e1","Copa Baileys","","4.5","Leche","Copa Baileys","","Copa Baileys","","Copa Baileys","","Copa Baileys","","Copa Baileys","","Copa Baileys","","Copa Baileys","","Copa Baileys","","Copa Baileys",""
"ef77e40d-0518-4f6a-906a-c5dad0576c8b","Martini","","4.0","Sulfitos","Martini","","Martini","","Martini","","Martini","","Martini","","Martini","","Martini","","Martini","","Martini",""
"f7d318fe-acbe-421f-a824-7ea2d48cf2b0","Vaso leche","","1.9","Ninguno","Vaso leche","","Vaso leche","","Vaso leche","","Vaso leche","","Vaso leche","","Vaso leche","","Vaso leche","","Vaso leche","","Vaso leche",""
"95ebc7d5-537e-4612-8f24-108dbf6d6cfe","Chupito tequila","","3.0","Ninguno","Chupito tequila","","Chupito tequila","","Chupito tequila","","Chupito tequila","","Chupito tequila","","Chupito tequila","","Chupito tequila","","Chupito tequila","","Chupito tequila",""
"b3cff4c2-18db-471b-9732-86fe001185d2","Copa Vino Tinto","","4.0","Sulfitos","Copa Vino Tinto","","Copa Vino Tinto","","Copa Vino Tinto","","Copa Vino Tinto","","Copa Vino Tinto","","Copa Vino Tinto","","Copa Vino Tinto","","Copa Vino Tinto","","Copa Vino Tinto",""
"9353562e-0086-4fff-a867-cb02143b2eb7","Té Tropical","Té blanco, Té verde, hojas de Zarzamora, chips de Plátano, trozos de Mango, trozos de Piña, hojas de Stevia.","3.0","Ninguno","Té Tropical","Té blanco, Té verde, hojas de Zarzamora, chips de Plátano, trozos de Mango, trozos de Piña, hojas de Stevia.","tea Tropical","Té blanco, Té verde, hojas of Zarzamora, chips of Plátano, trozos of Mango, trozos of Piña, hojas of Stevia.","thé Tropical","Té blanco, Té verde, hojas de Zarzamora, chips de Plátano, trozos de Mango, trozos de Piña, hojas de Stevia.","Tee Tropical","Té blanco, Té verde, hojas de Zarzamora, chips de Plátano, trozos de Mango, trozos de Piña, hojas de Stevia.","tè Tropical","Té blanco, Té verde, hojas de Zarzamora, chips de Plátano, trozos de Mango, trozos de Piña, hojas de Stevia.","chá Tropical","Té blanco, Té verde, hojas de Zarzamora, chips de Plátano, trozos de Mango, trozos de Piña, hojas de Stevia.","thee Tropical","Té blanco, Té verde, hojas de Zarzamora, chips de Plátano, trozos de Mango, trozos de Piña, hojas de Stevia.","te Tropical","Té blanco, Té verde, hojas de Zarzamora, chips de Plátano, trozos de Mango, trozos de Piña, hojas de Stevia.","茶 Tropical","Té blanco, Té verde, hojas de Zarzamora, chips de Plátano, trozos de Mango, trozos de Piña, hojas de Stevia."
"8b36ed86-f694-41eb-a7f8-9e6b7bf20e18","Copa Vino Blanco","","4.5","Sulfitos","Copa Vino Blanco","","Copa Vino Blanco","","Copa Vino Blanco","","Copa Vino Blanco","","Copa Vino Blanco","","Copa Vino Blanco","","Copa Vino Blanco","","Copa Vino Blanco","","Copa Vino Blanco",""
"3c0d2e9a-1e01-4c01-8d30-5a3477560570","Té de Manzana Asada y Canela","Trozos de manzana, florea de hibisco, uvas, canela, pétalos de girasol, extracto de vainilla.","3.0","Ninguno","Té de Manzana Asada y Canela","Trozos de manzana, florea de hibisco, uvas, canela, pétalos de girasol, extracto de vainilla.","tea de Manzana Asada y Canela","Trozos of manzana, florea of hibisco, grapes, cinnamon, sunflower petals, vanilla extract.","thé de Manzana Asada y Canela","Trozos de manzana, florea de hibisco, raisins, cannelle, pétales de tournesol, extrait de vanille.","Tee de Manzana Asada y Canela","Trozos de manzana, florea de hibisco, Trauben, Zimt, Sonnenblumenblüten, Vanilleextrakt.","tè de Manzana Asada y Canela","Trozos de manzana, florea de hibisco, uva, cannella, petali di girasole, estratto di vaniglia.","chá de Manzana Asada y Canela","Trozos de manzana, florea de hibisco, uvas, canela, pétalas de girassol, extrato de baunilha.","thee de Manzana Asada y Canela","Trozos de manzana, florea de hibisco, druiven, kaneel, zonnebloemblaadjes, vanille-extract.","te de Manzana Asada y Canela","Trozos de manzana, florea de hibisco, raïm, canyella, pètals de gira-sol, extracte de vainilla.","茶 de Manzana Asada y Canela","Trozos de manzana, florea de hibisco, 葡萄, 肉桂, 向日葵花瓣, 香草精."
"f7ee6b7d-deb6-44a8-8c3b-2be2a9c5c641","Té de Almendra y Canela","","3.0","Frutos de cascara","Té de Almendra y Canela","","tea de almond y Canela","","thé de amande y Canela","","Tee de Mandel y Canela","","tè de mandorla y Canela","","chá de amêndoa y Canela","","thee de amandel y Canela","","te de ametlla y Canela","","茶 de 杏仁 y Canela",""
"4ab3f33a-3f23-4857-b375-709c49b94e1c","Variedad de tostadas","Variedad de tostadas (una de queso, una de atun, una de serrano y una vegetariana)","13.9","Gluten, Leche, Pescado","Variedad de tostadas","Variedad de tostadas (una de queso, una de atun, una de serrano y una vegetariana)","Variedad de toasts","Variedad of toasts (una of cheese, una of atun, una of Serrano ham and una vegetariana)","Variedad de tartines","Variedad de tartines (una de fromage, una de atun, una de jambon serrano et una vegetariana)","Variedad de Toast","Variedad de Toast (una de Käse, una de atun, una de Serrano-Schinken und una vegetariana)","Variedad de toast","Variedad de toast (una de formaggio, una de atun, una de prosciutto serrano e una vegetariana)","Variedad de torradas","Variedad de torradas (una de queijo, una de atun, una de presunto serrano e una vegetariana)","Variedad de toast","Variedad de toast (una de kaas, una de atun, una de Serrano-ham en una vegetariana)","Variedad de torrades","Variedad de torrades (una de formatge, una de atun, una de pernil serrà i una vegetariana)","Variedad de 吐司","Variedad de 吐司 (una de 奶酪, una de atun, una de 塞拉诺火腿和una vegetariana)"
"81ab7765-1341-4e50-afa0-150ebc4a8771","Té de Frutos de invierno","Trozos d manzana, flores de hibsco, almendras picadas, canela, rooibos, cáscara de Rosa Mosqueta, vainilla.","3.0","Frutos de cascara","Té de Frutos de invierno","Trozos d manzana, flores de hibsco, almendras picadas, canela, rooibos, cáscara de Rosa Mosqueta, vainilla.","tea de Frutos de invierno","Trozos d manzana, flores of hibsco, chopped almonds, cinnamon, rooibos, rosehip peel, vanilla.","thé de Frutos de invierno","Trozos d manzana, flores de hibsco, amandes hachées, cannelle, rooibos, écorce de cynorrhodon, vanille.","Tee de Frutos de invierno","Trozos d manzana, flores de hibsco, gehackte Mandeln, Zimt, Rooibos, Hagebuttenschale, Vanille.","tè de Frutos de invierno","Trozos d manzana, flores de hibsco, mandorle tritate, cannella, rooibos, buccia di rosa canina, vaniglia.","chá de Frutos de invierno","Trozos d manzana, flores de hibsco, amêndoas picadas, canela, rooibos, casca de rosa mosqueta, baunilha.","thee de Frutos de invierno","Trozos d manzana, flores de hibsco, gehakte amandelen, kaneel, rooibos, rozenbottelschil, vanille.","te de Frutos de invierno","Trozos d manzana, flores de hibsco, ametlles picades, canyella, rooibos, pell de rosa mosqueta, vainilla.","茶 de Frutos de invierno","Trozos d manzana, flores de hibsco, 碎杏仁, 肉桂, 路易波士茶, 玫瑰果皮, 香草."
"ff172062-c763-425b-9fa4-da7d6c35106d","Gato Mallorquin","Biscocho de almendra mallorquin","4.0","Frutos de cascara, Huevo","Gato Mallorquin","Biscocho de almendra mallorquin","Gato Mallorquin","Biscocho of almendra mallorquin","Gato Mallorquin","Biscocho de almendra mallorquin","Gato Mallorquin","Biscocho de almendra mallorquin","Gato Mallorquin","Biscocho de almendra mallorquin","Gato Mallorquin","Biscocho de almendra mallorquin","Gato Mallorquin","Biscocho de almendra mallorquin","Gato Mallorquin","Biscocho de almendra mallorquin","Gato Mallorquin","Biscocho de almendra mallorquin"
"d473e616-f984-47fd-83fb-dee7f270302a","Beefeater + Refresco","refresco a elegir","6.9","Ninguno","Beefeater + Refresco","refresco a elegir","Beefeater + Refresco","soft drink of your choice","Beefeater + Refresco","soda au choix","Beefeater + Refresco","Softdrink nach Wahl","Beefeater + Refresco","bibita a scelta","Beefeater + Refresco","refrigerante à escolha","Beefeater + Refresco","frisdrank naar keuze","Beefeater + Refresco","refresc a triar","Beefeater + Refresco","自选软饮"
"742f4ecb-2831-48b4-889a-29320074b7d5","Te de granada","","2.5","Ninguno","Te de granada","","Te de granada","","Te de granada","","Te de granada","","Te de granada","","Te de granada","","Te de granada","","Te de granada","","Te de granada",""
"52b55f73-4f42-4271-83dc-50c8da2b5285","Appleshorle","Refresco de agua con gas y zumo de manzana","3.5","Ninguno","Appleshorle","Refresco de agua con gas y zumo de manzana","Appleshorle","Refresco of sparkling water and zumo of manzana","Appleshorle","Refresco de eau gazeuse et zumo de manzana","Appleshorle","Refresco de Sprudelwasser und zumo de manzana","Appleshorle","Refresco de acqua frizzante e zumo de manzana","Appleshorle","Refresco de água com gás e zumo de manzana","Appleshorle","Refresco de bruiswater en zumo de manzana","Appleshorle","Refresco de aigua amb gas i zumo de manzana","Appleshorle","Refresco de 气泡水和zumo de manzana"
"a14d5f6b-3cd0-4031-a954-9711981b4b8c","ICE AMERICANO","Carga de expresso con hielo y agua","4.0","Ninguno","ICE AMERICANO","Carga de expresso con hielo y agua","ICE AMERICANO","espresso shot with hielo and water","ICE AMERICANO","dose d'espresso avec hielo et eau","ICE AMERICANO","Espresso-Shot mit hielo und Wasser","ICE AMERICANO","dose di espresso con hielo e acqua","ICE AMERICANO","dose de espresso com hielo e água","ICE AMERICANO","espresso-shot met hielo en water","ICE AMERICANO","càrrega d'espresso amb hielo i aigua","ICE AMERICANO","一份浓缩咖啡配hielo和水"
"21053fd3-c349-43db-89b6-7d6720bafc8d","Jaggermeister","","3.0","Ninguno","Jaggermeister","","Jaggermeister","","Jaggermeister","","Jaggermeister","","Jaggermeister","","Jaggermeister","","Jaggermeister","","Jaggermeister","","Jaggermeister",""
"e60a6b67-7849-4b3a-930a-84802ba1537e","Te chai","","3.5","Ninguno","Te chai","","Te chai","","Te chai","","Te chai","","Te chai","","Te chai","","Te chai","","Te chai","","Te chai",""
"8d69889a-5973-495f-a7ef-2d2bea8879e8","Crounch","Alitas de pollo estilo americano (6 unidades)","7.9","Ninguno","Crounch","Alitas de pollo estilo americano (6 unidades)","Crounch","Alitas of pollo estilo americano (6 unidades)","Crounch","Alitas de pollo estilo americano (6 unidades)","Crounch","Alitas de pollo estilo americano (6 unidades)","Crounch","Alitas de pollo estilo americano (6 unidades)","Crounch","Alitas de pollo estilo americano (6 unidades)","Crounch","Alitas de pollo estilo americano (6 unidades)","Crounch","Alitas de pollo estilo americano (6 unidades)","Crounch","Alitas de pollo estilo americano (6 unidades)"
"96d00aab-f3ad-4c6c-9a70-79448443f6a5","ICE CAPUCCINO","Carga de expresso con hielo picado y crema de leche","4.9","Leche","ICE CAPUCCINO","Carga de expresso con hielo picado y crema de leche","ICE CAPUCCINO","espresso shot with hielo picado and milk foam","ICE CAPUCCINO","dose d'espresso avec hielo picado et mousse de lait","ICE CAPUCCINO","Espresso-Shot mit hielo picado und Milchschaum","ICE CAPUCCINO","dose di espresso con hielo picado e schiuma di latte","ICE CAPUCCINO","dose de espresso com hielo picado e espuma de leite","ICE CAPUCCINO","espresso-shot met hielo picado en melkschuim","ICE CAPUCCINO","càrrega d'espresso amb hielo picado i escuma de llet","ICE CAPUCCINO","一份浓缩咖啡配hielo picado和奶泡"
"d0878cb1-e2ee-4f32-80ea-a69ee7992af4","Tarta de zanahoria","","4.9","Gluten, Leche, Huevo","Tarta de zanahoria","","Carrot cake","","Gâteau aux carottes","","Karottenkuchen","","Torta di carote","","Bolo de cenoura","","Worteltaart","","Pastís de pastanaga","","胡萝卜蛋糕",""
"7b91fb02-f251-4e03-9392-48c064fb1358","Tinto de Verano","Vino tinto con fanta limon","6.0","Sulfitos","Tinto de Verano","Vino tinto con fanta limon","Tinto de Verano","red wine with fanta limon","Tinto de Verano","vin rouge avec fanta limon","Tinto de Verano","Rotwein mit fanta limon","Tinto de Verano","vino rosso con fanta limon","Tinto de Verano","vinho tinto com fanta limon","Tinto de Verano","rode wijn met fanta limon","Tinto de Verano","vi negre amb fanta limon","Tinto de Verano","红葡萄酒配fanta limon"
"06da74d8-578a-4a8b-85a0-15008659ae54","Jack Daniels + Refresco","refresco a elegir","7.9","Ninguno","Jack Daniels + Refresco","refresco a elegir","Jack Daniels + Refresco","soft drink of your choice","Jack Daniels + Refresco","soda au choix","Jack Daniels + Refresco","Softdrink nach Wahl","Jack Daniels + Refresco","bibita a scelta","Jack Daniels + Refresco","refrigerante à escolha","Jack Daniels + Refresco","frisdrank naar keuze","Jack Daniels + Refresco","refresc a triar","Jack Daniels + Refresco","自选软饮"
"3a969e66-ff34-41da-9395-2074039f197f","Chai latte","Te chai de chocolate o vainilla","4.0","Leche","Chai latte","Te chai de chocolate o vainilla","Chai latte","Te chai of chocolate or vanilla","Chai latte","Te chai de chocolat ou vanille","Chai latte","Te chai de Schokolade oder Vanille","Chai latte","Te chai de cioccolato o vaniglia","Chai latte","Te chai de chocolate ou baunilha","Chai latte","Te chai de chocolade of vanille","Chai latte","Te chai de xocolata o vainilla","Chai latte","Te chai de 巧克力或香草"
"4d787bce-89d5-4ab8-88c7-078250cd64e0","Puerto de Indias + Refresco","refresco a elegir","7.9","Ninguno","Puerto de Indias + Refresco","refresco a elegir","Puerto de Indias + Refresco","soft drink of your choice","Puerto de Indias + Refresco","soda au choix","Puerto de Indias + Refresco","Softdrink nach Wahl","Puerto de Indias + Refresco","bibita a scelta","Puerto de Indias + Refresco","refrigerante à escolha","Puerto de Indias + Refresco","frisdrank naar keuze","Puerto de Indias + Refresco","refresc a triar","Puerto de Indias + Refresco","自选软饮"
"c3dd7521-c29b-4e4b-8940-ae0f90b40d5f","Habana Club + Refresco","refresco a elegir","6.9","Ninguno","Habana Club + Refresco","refresco a elegir","Habana Club + Refresco","soft drink of your choice","Habana Club + Refresco","soda au choix","Habana Club + Refresco","Softdrink nach Wahl","Habana Club + Refresco","bibita a scelta","Habana Club + Refresco","refrigerante à escolha","Habana Club + Refresco","frisdrank naar keuze","Habana Club + Refresco","refresc a triar","Habana Club + Refresco","自选软饮"
"a6981910-bc6a-4a14-83f8-96557d03e92b","Ice matcha","Te macha con hielo picado y leche o agua","5.9","Leche","Ice matcha","Te macha con hielo picado y leche o agua","Ice matcha","Te macha with hielo picado and milk or water","Ice matcha","Te macha avec hielo picado et lait ou eau","Ice matcha","Te macha mit hielo picado und Milch oder Wasser","Ice matcha","Te macha con hielo picado e latte o acqua","Ice matcha","Te macha com hielo picado e leite ou água","Ice matcha","Te macha met hielo picado en melk of water","Ice matcha","Te macha amb hielo picado i llet o aigua","Ice matcha","Te macha配hielo picado和牛奶或水"
"f27025b1-59a5-4611-86ad-d707ce6ce5fc","Caña","","2.7","Gluten","Caña","","Caña","","Caña","","Caña","","Caña","","Caña","","Caña","","Caña","","Caña",""
"4fe51eb2-545d-45b5-9d9c-d6f71efba56d","Amaretto + refresco","refresco a elegir","7.9","Frutos de cascara","Amaretto + refresco","refresco a elegir","Amaretto + refresco","soft drink of your choice","Amaretto + refresco","soda au choix","Amaretto + refresco","Softdrink nach Wahl","Amaretto + refresco","bibita a scelta","Amaretto + refresco","refrigerante à escolha","Amaretto + refresco","frisdrank naar keuze","Amaretto + refresco","refresc a triar","Amaretto + refresco","自选软饮"
"b404d8a8-948b-4dcd-9962-67f6cd6b7218","Tarta Fresas y Nata","","5.9","Gluten, Leche, Huevo","Tarta Fresas y Nata","","Strawberry and cream cake","","Gâteau fraises et crème","","Erdbeer-Sahne-Torte","","Torta fragole e panna","","Bolo de morangos e natas","","Aardbeien-slagroomtaart","","Pastís de maduixes i nata","","草莓奶油蛋糕",""
"2454ccdd-cc6b-440b-8f73-121a891ef73e","Lucius","Tomate y embutido a elegir","4.9","Gluten","Lucius","Tomate y embutido a elegir","Lucius","Tomato and sausage to choose","Lucius","tomate et embutido au choix","Lucius","Tomate und Wurst zur Auswahl","Lucius","pomodoro e embutido a scelta","Lucius","tomate e embutido à escolha","Lucius","tomaat en embutido naar keuze","Lucius","Tomàquet i embotit a triar","Lucius","番茄和embutido可选"
"c5b54097-e560-49fd-8ca9-d07f58088763","Tarta de Queso y Fresas","","4.9","Gluten, Leche, Huevo","Tarta de Queso y Fresas","","Strawberry cheesecake","","Cheesecake aux fraises","","Erdbeer-Käsekuchen","","Cheesecake alle fragole","","Cheesecake de morango","","Aardbeiencheesecake","","Pastís de formatge i maduixes","","草莓芝士蛋糕",""
"d7e64b08-7931-4571-939d-cc7a75fbaf24","Croissan","","2.5","Gluten, Leche, Huevo","Croissan","","Croissant","","Croissant","","Croissant","","Croissant","","Croissant","","Croissant","","Croissant","","可颂",""
"6638f44d-5a67-4c82-8cf4-a1014e915b43","Aquarius","","2.9","Ninguno","Aquarius","","Aquarius","","Aquarius","","Aquarius","","Aquarius","","Aquarius","","Aquarius","","Aquarius","","Aquarius",""
"29b21c88-07e6-4b2b-9a5f-7260c44e77ec","tarta Banoffee","","5.9","Gluten, Leche, Huevo","tarta Banoffee","","tarta Banoffee","","tarta Banoffee","","tarta Banoffee","","tarta Banoffee","","tarta Banoffee","","tarta Banoffee","","tarta Banoffee","","tarta Banoffee",""
"","Italiano","(mozzarella, mortadela, pistacho y albahaca)","7.9","Gluten, Leche, Frutos de cáscara","Italiano","(mozzarella, mortadela, pistacho y albahaca)","Italian","(mozzarella, mortadella, pistachio and basil)","Italien","(mozzarella, mortadelle, pistache et basilic)","Italienisch","(Mozzarella, Mortadella, Pistazie und Basilikum)","Italiano","(mozzarella, mortadella, pistacchio e basilico)","Italiano","(mozzarella, mortadela, pistácio e manjericão)","Italiaans","(mozzarella, mortadella, pistache en basilicum)","Italià","(mozzarella, mortadel·la, festuc i alfàbrega)","意大利风味","（马苏里拉奶酪、意式摩塔台拉香肠、开心果和罗勒）"
"","Frances","(queso brie, jamon york, lechuga y queso crema)","7.9","Gluten, Leche","Frances","(queso brie, jamon york, lechuga y queso crema)","French","(Brie cheese, cooked ham, lettuce and cream cheese)","Français","(fromage Brie, jambon cuit, laitue et fromage frais)","Französisch","(Brie, gekochter Schinken, Salat und Frischkäse)","Francese","(formaggio Brie, prosciutto cotto, lattuga e formaggio cremoso)","Francês","(queijo Brie, fiambre cozido, alface e queijo creme)","Frans","(Brie, gekookte ham, sla en roomkaas)","Francès","(formatge Brie, pernil dolç, enciam i formatge crema)","法式","（布里奶酪、熟火腿、生菜和奶油奶酪）"
